strategy,selector,max_hold_days,min_hold_days,decision_days,active_days,entry_events,exit_events,total_turnover,avg_daily_turnover,final_equity,spy_final_equity,total_return,spy_total_return,alpha_return,max_drawdown,sharpe,spy_sharpe,avg_closed_hold_days,open_positions_end,family,trades
confirmed_hold_5d,confirmed,5.0,1.0,2173,2172,1359.0,1356.0,306.0,0.140819144040497,385216.58804382564,140541.96173188856,6.704331760876513,1.810839234637771,4.893492526238742,-0.3347985505176645,1.11535207906529,0.7743658373704698,4.79646017699115,3.0,holding,
confirmed_hold_10d,confirmed,10.0,1.0,2173,2172,710.0,707.0,234.99999999999997,0.10814542107685227,341921.3932219935,140541.96173188856,5.83842786443987,1.810839234637771,4.027588629802099,-0.3222536619334039,1.0664387918449283,0.7743658373704698,9.188118811881187,3.0,holding,
confirmed_signal_exit_max10,confirmed,10.0,2.0,2173,2172,750.0,747.0,246.66666666666666,0.11351434269059671,319792.43901706155,140541.96173188856,5.395848780341231,1.810839234637771,3.5850095457034596,-0.3434576874038009,1.0284076879875854,0.7743658373704698,8.694779116465863,3.0,holding,
confirmed_hold_3d,confirmed,3.0,1.0,2173,2172,2213.0,2210.0,355.0,0.16336861481822365,312071.172319014,140541.96173188856,5.24142344638028,1.810839234637771,3.4305842117425085,-0.40813851972350024,1.0061554186863733,0.7743658373704698,2.9429864253393667,3.0,holding,
confirmed_hold_2d,confirmed,2.0,1.0,2173,2172,3284.0,3281.0,409.33333333333326,0.18837244976223344,255993.3347652852,140541.96173188856,4.119866695305704,1.810839234637771,2.3090274606679326,-0.3738528177226632,0.9173263765636516,0.7743658373704698,1.9817128924108502,3.0,holding,
confirmed_rebalance_daily,confirmed,1.0,1.0,2173,2172,6507.0,6504.0,467.33333333333326,0.21506366007056293,232194.45831400363,140541.96173188856,3.643889166280072,1.810839234637771,1.833049931642301,-0.4339853999067995,0.8618612842421846,0.7743658373704698,1.0,3.0,holding,
spy_fused_hold_5d,algo_fused_spy_gated,5.0,1.0,2173,1251,767.0,764.0,213.33333333333331,0.09817456665132689,142561.6956694378,140541.96173188856,1.8512339133887559,1.810839234637771,0.04039467875098479,-0.30559747574004403,0.7825553173695404,0.7743658373704698,4.849476439790576,3.0,holding,
spy_fused_hold_3d,algo_fused_spy_gated,3.0,1.0,2173,1214,1229.0,1226.0,232.33333333333334,0.1069182389937107,113840.1509933177,140541.96173188856,1.276803019866354,1.810839234637771,-0.534036214771417,-0.27765206583764634,0.6360465101227829,0.7743658373704698,2.9543230016313213,3.0,holding,
spy_fused_rank_exit_max10,algo_fused_spy_gated,10.0,2.0,2173,1171,521.0,518.0,230.33333333333331,0.1059978524313545,112000.31708604762,140541.96173188856,1.2400063417209526,1.810839234637771,-0.5708328929168185,-0.30096359620713997,0.6394494289366683,0.7743658373704698,6.723938223938224,3.0,holding,
spy_fused_rebalance_daily,algo_fused_spy_gated,1.0,1.0,2173,1143,3429.0,3426.0,281.0,0.12931431201104465,108611.30883584538,140541.96173188856,1.1722261767169075,1.810839234637771,-0.6386130579208635,-0.29044112686233003,0.6183243745481692,0.7743658373704698,1.0,3.0,holding,
defensive_trend_hold_5d,defensive_trend,5.0,1.0,2173,2172,1367.0,1364.0,734.3333333333333,0.33793526614511427,81638.28999558889,140541.96173188856,0.6327657999117777,1.810839234637771,-1.1780734347259934,-0.4123840541583287,0.357602520698333,0.7743658373704698,4.768328445747801,3.0,holding,
relative_momentum_hold_3d,relative_momentum,3.0,1.0,2173,2172,2236.0,2233.0,1100.3333333333333,0.506366007056297,78838.01010188296,140541.96173188856,0.5767602020376592,1.810839234637771,-1.2340790326001119,-0.6158785068840168,0.32965814659427434,0.7743658373704698,2.915360501567398,3.0,holding,
relative_momentum_exit_max10,relative_momentum_spy_gated,10.0,2.0,2173,1170,597.0,594.0,400.3333333333333,0.18423071023163062,76786.0254982241,140541.96173188856,0.535720509964482,1.810839234637771,-1.2751187246732891,-0.36371083714746466,0.3586219690552476,0.7743658373704698,5.848484848484849,3.0,holding,
trend_quality_avoid_failed_gap_volume_shape_hold_3d,trend_quality_avoid_failed_gap_volume_shape,3.0,1.0,2173,2172,2223.0,2220.0,1141.6666666666667,0.5253873293449915,72971.74502466903,140541.96173188856,0.45943490049338065,1.810839234637771,-1.3514043341443904,-0.42096858431918127,0.30058514475003645,0.7743658373704698,2.9324324324324325,3.0,holding,
trend_quality_volume_shape_hold_3d,trend_quality_volume_shape,3.0,1.0,2173,2172,2223.0,2220.0,1136.3333333333333,0.5229329651787084,69816.60368062207,140541.96173188856,0.3963320736124414,1.810839234637771,-1.4145071610253297,-0.4470860981549548,0.2800803456494993,0.7743658373704698,2.9324324324324325,3.0,holding,
trend_quality_hold_5d,trend_quality,5.0,1.0,2173,2172,1371.0,1368.0,837.6666666666666,0.3854885718668507,68409.52279789338,140541.96173188856,0.3681904559578677,1.810839234637771,-1.4426487786799034,-0.43395882887756543,0.2705893428643694,0.7743658373704698,4.756578947368421,3.0,holding,
relative_momentum_volume_shape_exit_max10,relative_momentum_volume_shape_spy_gated,10.0,2.0,2173,1173,615.0,612.0,423.66666666666663,0.19496855345911948,61676.36923525519,140541.96173188856,0.2335273847051038,1.810839234637771,-1.5773118499326673,-0.37809837874238084,0.22429356278862675,0.7743658373704698,5.678104575163399,3.0,holding,
relative_momentum_hold_5d,relative_momentum,5.0,1.0,2173,2172,1378.0,1375.0,814.3333333333333,0.3747507286393618,60255.0168131886,140541.96173188856,0.205100336263772,1.810839234637771,-1.605738898373999,-0.6425206564632919,0.21655014976819614,0.7743658373704698,4.731636363636364,3.0,holding,
trend_quality_hold_3d,trend_quality,3.0,1.0,2173,2172,2227.0,2224.0,1139.6666666666665,0.5244669427826353,55061.4335002974,140541.96173188856,0.10122867000594793,1.810839234637771,-1.7096105646318231,-0.6212609200414585,0.17088120769605322,0.7743658373704698,2.927158273381295,3.0,holding,
trend_quality_avoid_failed_gap_hold_3d,trend_quality_avoid_failed_gap,3.0,1.0,2173,2172,2225.0,2222.0,1149.0,0.5287620800736309,53878.6034831753,140541.96173188856,0.07757206966350605,1.810839234637771,-1.733267164974265,-0.6195337981288063,0.15975452326251788,0.7743658373704698,2.92979297929793,3.0,holding,
hybrid_markov_trend_hold_5d,hybrid_markov_trend_spy_gated,5.0,1.0,2173,1250,775.0,772.0,484.3333333333333,0.22288694585059057,53758.87225741102,140541.96173188856,0.07517744514822033,1.810839234637771,-1.7356617894895507,-0.31847672084736833,0.13967988316054106,0.7743658373704698,4.788860103626943,3.0,holding,
markov_daily_manual,,,,2173,2172,,,,,,,0.007179378925952662,1.810839234637771,-1.8036598557118184,-0.6349992359732284,0.12361112472882628,0.7743658373704698,,,markov_daily,6508.0
markov_daily_confirmed,,,,2173,2172,,,,,,,-0.022239549601737574,1.810839234637771,-1.8330787842395087,-0.6561674252896279,0.10977337930266713,0.7743658373704698,,,markov_daily,6507.0
markov_daily_spy_gated,,,,2173,1143,,,,,,,-0.04013182707304641,1.810839234637771,-1.8509710617108175,-0.5099126566186007,0.05589966022264152,0.7743658373704698,,,markov_daily,3429.0
markov_daily_algo_fused_spy_gated,,,,2173,1143,,,,,,,-0.05581332987112231,1.810839234637771,-1.8666525645088934,-0.5149665526039879,0.04452315347725406,0.7743658373704698,,,markov_daily,3429.0
markov_daily_confirmed_spy_gated,,,,2173,1143,,,,,,,-0.058291627637132915,1.810839234637771,-1.869130862274904,-0.5247492322574925,0.04374418727095606,0.7743658373704698,,,markov_daily,3429.0
breakout_quality_hold_3d,breakout_quality,3.0,1.0,2173,2172,2213.0,2210.0,1343.6666666666667,0.6183463721429667,45264.70713659432,140541.96173188856,-0.09470585726811365,1.810839234637771,-1.9055450919058847,-0.4788391606067619,0.04962810137536328,0.7743658373704698,2.9461538461538463,3.0,holding,
hybrid_markov_trend_hold_3d,hybrid_markov_trend,3.0,1.0,2173,2172,2226.0,2223.0,1065.0,0.490105844454671,38744.838600670155,140541.96173188856,-0.22510322798659688,1.810839234637771,-2.035942462624368,-0.6392942402542741,0.0040892333271287,0.7743658373704698,2.9266756635177686,3.0,holding,
hybrid_markov_trend_exit_max10,hybrid_markov_trend_spy_gated,10.0,2.0,2173,1173,859.0,856.0,585.0,0.26921306948918544,37665.4577394029,140541.96173188856,-0.24669084521194207,1.810839234637771,-2.0575300798497134,-0.5133843797817916,-0.08352644628311229,0.7743658373704698,4.05607476635514,3.0,holding,
trend_quality_gap_resistance_hold_3d,trend_quality_gap_resistance,3.0,1.0,2173,1574,1085.0,1084.0,1265.0,0.5821445006902899,1076.980464063513,140541.96173188856,-0.9784603907187297,1.810839234637771,-2.789299625356501,-0.9809252123679617,-1.693896885855228,0.7743658373704698,2.9280442804428044,1.0,holding,
gap_resistance_50_hold_3d,gap_resistance_50,3.0,1.0,2173,1409,919.0,918.0,1123.3333333333335,0.5169504525233932,967.9923069848174,140541.96173188856,-0.9806401538603037,1.810839234637771,-2.791479388498075,-0.9817803838606158,-1.7943979901601828,0.7743658373704698,2.9379084967320264,1.0,holding,
gap_resistance_hold_3d,gap_resistance,3.0,1.0,2173,1602,1125.0,1124.0,1293.6666666666667,0.595336708084062,867.5616571729798,140541.96173188856,-0.9826487668565405,1.810839234637771,-2.7934880014943113,-0.9843524042674344,-1.7323095572857121,0.7743658373704698,2.9288256227758005,1.0,holding,
gap_resistance_hold_1d,gap_resistance,1.0,1.0,2173,970,1648.0,1647.0,1847.0,0.8499769903359411,27.86004498668087,140541.96173188856,-0.9994427991002663,1.810839234637771,-2.8102820337380376,-0.9994611937228585,-3.544463739882059,0.7743658373704698,1.0,1.0,holding,
